fp_decile,prior_own_def_success,p_score,n
1,0,0.977777777777778,135
1,1,0.919389978213508,459
2,0,0.909523809523809,210
2,1,0.885467980295567,812
3,0,0.801261829652997,317
3,1,0.824517212426532,1191
4,0,0.732835820895522,670
4,1,0.70927684441198,1369
5,0,0.5625,1952
5,1,0.583855254001392,1437
6,0,0.476121262458472,4816
6,1,0.463399503722084,1612
7,0,0.410764055742432,10405
7,1,0.368900455432661,1537
8,0,0.336952307095774,30948
8,1,0.311138767890479,1607
9,0,0.277181208053691,11920
9,1,0.248574686431015,877
10,0,0.234365634365634,5005
10,1,0.23510292524377,923
